INSERT INTO
    Types (Type, Kind)
VALUES
    ('LEADER_TSOD_GAWAIN_CECIL', 'KIND_LEADER'),
    ('TRAIT_LEADER_TSOD_GAWAIN_CECIL', 'KIND_TRAIT'),
    ('TRAIT_AGENDA_TSOD_TRUTH_SEEKER', 'KIND_TRAIT');

INSERT INTO
    Leaders (LeaderType, Name, InheritFrom, Sex)
VALUES
    ('LEADER_TSOD_GAWAIN_CECIL', 'LOC_LEADER_TSOD_GAWAIN_CECIL_NAME', 'LEADER_DEFAULT', 'Male');

INSERT INTO
    LeaderQuotes (LeaderType, Quote)
VALUES
    ('LEADER_TSOD_GAWAIN_CECIL', 'LOC_LEADER_TSOD_GAWAIN_CECIL_INTRO_QUOTE');

INSERT INTO
    LoadingInfo (LeaderType, ForegroundImage, BackgroundImage, PlayDawnOfManAudio, LeaderText)
VALUES
    (
        'LEADER_TSOD_GAWAIN_CECIL',
        'LEADER_TSOD_GAWAIN_CECIL_LOADING_FOREGROUND',
        'LEADER_TSOD_GAWAIN_CECIL_LOADING_BACKGROUND',
        '1',
        'LOC_LOADING_INFO_LEADER_TSOD_GAWAIN_CECIL'
    );

INSERT INTO
    DiplomacyInfo (Type, BackgroundImage)
VALUES
    ('LEADER_TSOD_GAWAIN_CECIL', 'LEADER_TSOD_GAWAIN_CECIL_DIPLOMACY_BACKGROUND');

INSERT INTO
    LeaderTraits (LeaderType, TraitType)
VALUES
    ('LEADER_TSOD_GAWAIN_CECIL', 'TRAIT_LEADER_TSOD_GAWAIN_CECIL'),
    ('LEADER_TSOD_GAWAIN_CECIL', 'TRAIT_LEADER_SCIENCE_MAJOR_CIV'),
    ('LEADER_TSOD_GAWAIN_CECIL', 'TRAIT_LEADER_NONRELIGIOUS_MAJOR_CIV'),
    ('LEADER_TSOD_GAWAIN_CECIL', 'TRAIT_LEADER_LOW_CITY_STATE_PREFERENCE_WAR'),
    ('LEADER_TSOD_GAWAIN_CECIL', 'TRAIT_LEADER_AGGRESSIVE_MILITARY');

INSERT INTO
    Traits (TraitType, Name, Description)
VALUES
    ('TRAIT_LEADER_TSOD_GAWAIN_CECIL', 'LOC_TRAIT_LEADER_TSOD_GAWAIN_CECIL_NAME', 'LOC_TRAIT_LEADER_TSOD_GAWAIN_CECIL_DESCRIPTION'),
    ('TRAIT_AGENDA_TSOD_TRUTH_SEEKER', NULL, NULL);

INSERT INTO
    Agendas (AgendaType, Name, Description)
VALUES
    ('AGENDA_TSOD_TRUTH_SEEKER', 'LOC_AGENDA_TSOD_TRUTH_SEEKER_NAME', 'LOC_AGENDA_TSOD_TRUTH_SEEKER_DESCRIPTION');

INSERT INTO
    ExclusiveAgendas (AgendaOne, AgendaTwo)
VALUES
    ('AGENDA_TSOD_TRUTH_SEEKER', 'AGENDA_TECHNOPHILE');

INSERT INTO
    HistoricalAgendas (LeaderType, AgendaType)
VALUES
    ('LEADER_TSOD_GAWAIN_CECIL', 'AGENDA_TSOD_TRUTH_SEEKER');

INSERT INTO
    AgendaTraits (AgendaType, TraitType)
VALUES
    ('AGENDA_TSOD_TRUTH_SEEKER', 'TRAIT_AGENDA_TSOD_TRUTH_SEEKER');

INSERT INTO
    TraitModifiers (TraitType, ModifierId)
VALUES
    ('TRAIT_AGENDA_TSOD_TRUTH_SEEKER', 'AGENDA_TSOD_TRUTH_SEEKER_HIGH_SCIENCE'),
    ('TRAIT_AGENDA_TSOD_TRUTH_SEEKER', 'AGENDA_TSOD_TRUTH_SEEKER_LOW_SCIENCE');

INSERT INTO
    Modifiers (ModifierId, ModifierType, SubjectRequirementSetId)
VALUES
    ('AGENDA_TSOD_TRUTH_SEEKER_HIGH_SCIENCE', 'MODIFIER_PLAYER_DIPLOMACY_SIMPLE_MODIFIER', 'PLAYER_HAS_HIGH_SCIENCE'),
    ('AGENDA_TSOD_TRUTH_SEEKER_LOW_SCIENCE', 'MODIFIER_PLAYER_DIPLOMACY_SIMPLE_MODIFIER', 'PLAYER_HAS_LOW_SCIENCE');

INSERT INTO
    ModifierArguments (ModifierId, Name, VALUE)
VALUES
    ('AGENDA_TSOD_TRUTH_SEEKER_HIGH_SCIENCE', 'InitialValue', '8'),
    ('AGENDA_TSOD_TRUTH_SEEKER_HIGH_SCIENCE', 'SimpleModifierDescription', 'LOC_DIPLO_KUDO_TSOD_GAWAIN_CECIL_REASON_ANY'),
    ('AGENDA_TSOD_TRUTH_SEEKER_HIGH_SCIENCE', 'StatementKey', 'LOC_DIPLO_KUDO_EXIT_TSOD_GAWAIN_CECIL_ANY'),
    ('AGENDA_TSOD_TRUTH_SEEKER_LOW_SCIENCE', 'InitialValue', '-8'),
    ('AGENDA_TSOD_TRUTH_SEEKER_LOW_SCIENCE', 'SimpleModifierDescription', 'LOC_DIPLO_WARNING_TSOD_GAWAIN_CECIL_REASON_ANY'),
    ('AGENDA_TSOD_TRUTH_SEEKER_LOW_SCIENCE', 'StatementKey', 'LOC_DIPLO_WARNING_EXIT_TSOD_GAWAIN_CECIL_ANY');

INSERT INTO
    ModifierStrings (ModifierId, Context, Text)
VALUES
    ('AGENDA_TSOD_TRUTH_SEEKER_HIGH_SCIENCE', 'Sample', 'LOC_TOOLTIP_SAMPLE_DIPLOMACY_ALL'),
    ('AGENDA_TSOD_TRUTH_SEEKER_LOW_SCIENCE', 'Sample', 'LOC_TOOLTIP_SAMPLE_DIPLOMACY_ALL');