CREATE TEMPORARY TABLE TsoDGreatPeopleOfCecil (
    IndividualType TEXT NOT NULL,
    ClassType TEXT NOT NULL,
    DistrictType TEXT NOT NULL,
    EraType TEXT NOT NULL,
    Gender TEXT NOT NULL,
    ActionRequiresCompletedDistrictType TEXT NOT NULL,
    ActionCharges INT NOT NULL,
    AreaHighlightRadius INT,
    PRIMARY KEY (IndividualType)
);

INSERT INTO
    TsoDGreatPeopleOfCecil (
        IndividualType,
        ClassType,
        DistrictType,
        EraType,
        Gender,
        ActionRequiresCompletedDistrictType,
        ActionCharges,
        AreaHighlightRadius
    )
VALUES
    (
        'SIR_PHILIP',
        'GENERAL',
        'DISTRICT_ENCAMPMENT',
        'ERA_ANCIENT',
        'M',
        'DISTRICT_ENCAMPMENT',
        1,
        2
    ),
    (
        'BYRON_KIRK',
        'ADMIRAL',
        'DISTRICT_HARBOR',
        'ERA_ANCIENT',
        'M',
        'DISTRICT_HARBOR',
        2,
        2
    ),
    --(
    --'ST_NICHOLAS_EGG_EXEC',
    --'ENGINEER',
    --'DISTRICT_INDUSTRIAL_ZONE',
    --'ERA_CLASSICAL',
    --'M',
    --'DISTRICT_INDUSTRIAL_ZONE',
    --1,NULL
    --),
    --(
    --'PITMAN_LAUREN',
    --'MERCHANT',
    --'DISTRICT_COMMERCIAL_HUB',
    --'ERA_CLASSICAL',
    --'M',
    --'DISTRICT_COMMERCIAL_HUB',
    --1,NULL
    --),
    (
        'REBECCA_CECIL',
        'SCIENTIST',
        'DISTRICT_CAMPUS',
        'ERA_ANCIENT',
        'F',
        'DISTRICT_CAMPUS',
        3,
        NULL
    ),
    (
        'JENNIE_PERRO',
        'SCIENTIST',
        'DISTRICT_CAMPUS',
        'ERA_CLASSICAL',
        'F',
        'DISTRICT_CITY_CENTER',
        2,
        NULL
    ),
    (
        'SANTIS_SAIDE',
        'SCIENTIST',
        'DISTRICT_CAMPUS',
        'ERA_MEDIEVAL',
        'M',
        'DISTRICT_CAMPUS',
        1,
        NULL
    ),
    (
        'KAMEL_SLAYEN',
        'SCIENTIST',
        'DISTRICT_CAMPUS',
        'ERA_MODERN',
        'M',
        'DISTRICT_CAMPUS',
        1,
        NULL
    ),
    (
        'LEITE_AVIKEN',
        'GENERAL',
        'DISTRICT_ENCAMPMENT',
        'ERA_ANCIENT',
        'M',
        'DISTRICT_HOLY_SITE',
        2,
        2
    ),
    (
        'HETTIE_CECIL',
        'MERCHANT',
        'DISTRICT_COMMERCIAL_HUB',
        'ERA_ANCIENT',
        'F',
        'DISTRICT_GOVERNMENT', -- Ep1 R:F
        1,
        1
    ),
    (
        'NORRIS',
        'SCIENTIST',
        'DISTRICT_CAMPUS',
        'ERA_ANCIENT',
        'M',
        'DISTRICT_PRESERVE', -- Kublai Khan Vietanam pack
        2,
        NULL
    );

CREATE TEMPORARY TABLE TsoDGreatPersonClasses AS
SELECT
    ClassType,
    DistrictType
FROM
    TsoDGreatPeopleOfCecil
GROUP BY
    ClassType,
    DistrictType;

INSERT INTO
    Types (Type, Kind)
SELECT
    'GREAT_PERSON_CLASS_TSOD_CE_' || ClassType,
    'KIND_GREAT_PERSON_CLASS'
FROM
    TsoDGreatPersonClasses;

INSERT INTO
    Types (Type, Kind)
SELECT
    'GREAT_PERSON_INDIVIDUAL_TSOD_CE_' || IndividualType,
    'KIND_GREAT_PERSON_INDIVIDUAL'
FROM
    TsoDGreatPeopleOfCecil;

INSERT INTO
    Types (Type, Kind)
VALUES
    (
        'SIEGE_UNIT_ATTACK_DAMAGE_BUFF_VS_UNITS',
        'KIND_ABILITY'
    ),
    (
        'ABILITY_COMBAT_STRENGTH_AOE_RELIGIOUS',
        'KIND_ABILITY'
    );

INSERT INTO
    TypeTags (Type, Tag)
VALUES
    (
        'SIEGE_UNIT_ATTACK_DAMAGE_BUFF_VS_UNITS',
        'CLASS_SIEGE'
    ),
    (
        'ABILITY_COMBAT_STRENGTH_AOE_RELIGIOUS',
        'CLASS_RELIGIOUS_ALL'
    );

INSERT INTO
    UnitAbilities (UnitAbilityType, Name, Description, Inactive)
VALUES
    (
        'SIEGE_UNIT_ATTACK_DAMAGE_BUFF_VS_UNITS',
        'LOC_SIEGE_UNIT_ATTACK_DAMAGE_BUFF_VS_UNITS_NAME',
        'LOC_SIEGE_UNIT_ATTACK_DAMAGE_BUFF_VS_UNITS_DESCRIPTION',
        1
    ),
    (
        'ABILITY_COMBAT_STRENGTH_AOE_RELIGIOUS',
        'LOC_ABILITY_COMBAT_STRENGTH_AOE_RELIGIOUS_NAME',
        'LOC_ABILITY_COMBAT_STRENGTH_AOE_RELIGIOUS_DESCRIPTION',
        1
    );

INSERT INTO
    GreatPersonClasses (
        GreatPersonClassType,
        Name,
        UnitType,
        DistrictType,
        AvailableInTimeline,
        GenerateDuplicateIndividuals,
        PseudoYieldType,
        IconString,
        ActionIcon
    )
SELECT
    'GREAT_PERSON_CLASS_TSOD_CE_' || ClassType,
    'LOC_GREAT_PERSON_CLASS_TSOD_CE_' || ClassType || '_NAME',
    'UNIT_GREAT_' || ClassType,
    DistrictType,
    0,
    0,
    'PSEUDOYIELD_GPP_' || ClassType,
    '[ICON_Great' || SUBSTR (ClassType, 1, 1) || LOWER(SUBSTR (ClassType, 2)) || ']',
    'ICON_UNITOPERATION_' || ClassType || '_ACTION'
FROM
    TsoDGreatPersonClasses;

INSERT INTO
    GreatPersonIndividuals (
        GreatPersonIndividualType,
        Name,
        GreatPersonClassType,
        EraType,
        Gender,
        ActionRequiresCompletedDistrictType,
        ActionCharges,
        AreaHighlightRadius
    )
SELECT
    'GREAT_PERSON_INDIVIDUAL_TSOD_CE_' || IndividualType,
    'LOC_GREAT_PERSON_INDIVIDUAL_TSOD_CE_' || IndividualType || '_NAME',
    'GREAT_PERSON_CLASS_TSOD_CE_' || ClassType,
    EraType,
    Gender,
    ActionRequiresCompletedDistrictType,
    ActionCharges,
    AreaHighlightRadius
FROM
    TsoDGreatPeopleOfCecil;

INSERT INTO
    GreatPersonIndividualActionModifiers (
        GreatPersonIndividualType,
        ModifierId,
        AttachmentTargetType
    )
VALUES
    (
        -- Achieved in TsoDCE_CivilizationTraits.lua
        'GREAT_PERSON_INDIVIDUAL_TSOD_CE_REBECCA_CECIL',
        'GREATPERSON_DUMMY_TSOD_CE_REBECCA_CECIL',
        'GREAT_PERSON_ACTION_ATTACHMENT_TARGET_PLAYER'
    ),
    (
        'GREAT_PERSON_INDIVIDUAL_TSOD_CE_JENNIE_PERRO',
        'GREATPERSON_GRANT_TECHNOLOGY_MATHEMATICS',
        'GREAT_PERSON_ACTION_ATTACHMENT_TARGET_PLAYER'
    ),
    (
        'GREAT_PERSON_INDIVIDUAL_TSOD_CE_JENNIE_PERRO',
        'GREATPERSON_GRANT_BUILDING_TSOD_MANA_OBELISK',
        'GREAT_PERSON_ACTION_ATTACHMENT_TARGET_DISTRICT_IN_TILE'
    ),
    (
        'GREAT_PERSON_INDIVIDUAL_TSOD_CE_SANTIS_SAIDE',
        'GREATPERSON_LIBRARY',
        'GREAT_PERSON_ACTION_ATTACHMENT_TARGET_DISTRICT_IN_TILE'
    ),
    (
        'GREAT_PERSON_INDIVIDUAL_TSOD_CE_SANTIS_SAIDE',
        'GREATPERSON_UNIVERSITY',
        'GREAT_PERSON_ACTION_ATTACHMENT_TARGET_DISTRICT_IN_TILE'
    ),
    (
        'GREAT_PERSON_INDIVIDUAL_TSOD_CE_SANTIS_SAIDE',
        'GREATPERSON_SINGLE_CITY_ADD_4_SCIENCE',
        'GREAT_PERSON_ACTION_ATTACHMENT_TARGET_CITY'
    ),
    (
        'GREAT_PERSON_INDIVIDUAL_TSOD_CE_SANTIS_SAIDE',
        'UNIVERSITY_BONUS_AMENITY_ATTACH',
        'GREAT_PERSON_ACTION_ATTACHMENT_TARGET_PLAYER'
    ),
    (
        'GREAT_PERSON_INDIVIDUAL_TSOD_CE_KAMEL_SLAYEN',
        'GREATPERSON_ELECTRICITYTECHBOOST',
        'GREAT_PERSON_ACTION_ATTACHMENT_TARGET_PLAYER'
    ),
    (
        -- Achieved in TsoDCE_CivilizationTraits.lua
        'GREAT_PERSON_INDIVIDUAL_TSOD_CE_KAMEL_SLAYEN',
        'GREATPERSON_DUMMY_TSOD_CE_KAMEL_SLAYEN_INSPIRATION',
        'GREAT_PERSON_ACTION_ATTACHMENT_TARGET_PLAYER'
    ),
    (
        'GREAT_PERSON_INDIVIDUAL_TSOD_CE_KAMEL_SLAYEN',
        'GREATPERSON_ARTIFACT_SCIENCE',
        'GREAT_PERSON_ACTION_ATTACHMENT_TARGET_DISTRICT_IN_TILE'
    ),
    (
        'GREAT_PERSON_INDIVIDUAL_TSOD_CE_NORRIS',
        'GREATPERSON_SINGLE_CITY_20_GROWTH',
        'GREAT_PERSON_ACTION_ATTACHMENT_TARGET_CITY'
    ),
    (
        'GREAT_PERSON_INDIVIDUAL_TSOD_CE_NORRIS',
        'GREATPERSON_CITY_RICEWHEATYIELD',
        'GREAT_PERSON_ACTION_ATTACHMENT_TARGET_CITY'
    ),
    (
        -- Achieved in TsoDCE_CivilizationTraits.lua
        'GREAT_PERSON_INDIVIDUAL_TSOD_CE_HETTIE_CECIL',
        'GREATPERSON_DUMMY_TSOD_CE_HETTIE_CECIL_REFUND_COAL',
        'GREAT_PERSON_ACTION_ATTACHMENT_TARGET_PLAYER'
    ),
    (
        'GREAT_PERSON_INDIVIDUAL_TSOD_CE_BYRON_KIRK',
        'GREATPERSON_GRANT_INFLUENCE_TOKEN',
        'GREAT_PERSON_ACTION_ATTACHMENT_TARGET_PLAYER'
    ),
    (
        'GREAT_PERSON_INDIVIDUAL_TSOD_CE_SIR_PHILIP',
        'GREATPERSON_SIEGE_UNIT_ATTACK_RANGE_ATTACH',
        'GREAT_PERSON_ACTION_ATTACHMENT_TARGET_PLAYER'
    ),
    (
        'GREAT_PERSON_INDIVIDUAL_TSOD_CE_SIR_PHILIP',
        'GREATPERSON_SIEGE_UNIT_ATTACK_DAMAGE_BUFF_ATTACH',
        'GREAT_PERSON_ACTION_ATTACHMENT_TARGET_PLAYER'
    ),
    (
        'GREAT_PERSON_INDIVIDUAL_TSOD_CE_LEITE_AVIKEN',
        'GREATPERSON_CITY_POPULATION_RELIGIOUS_YIELD_ATTACH',
        'GREAT_PERSON_ACTION_ATTACHMENT_TARGET_CITY'
    );

INSERT INTO
    GreatPersonIndividualBirthModifiers (GreatPersonIndividualType, ModifierId)
VALUES
    (
        'GREAT_PERSON_INDIVIDUAL_TSOD_CE_HETTIE_CECIL',
        'GREATPERSON_AOE_TSOD_CE_HETTIE_CECIL_ATTACH'
    ),
    (
        'GREAT_PERSON_INDIVIDUAL_TSOD_CE_SIR_PHILIP',
        'GREATPERSON_COMBAT_STRENGTH_AOE_ALL_ERA_LAND'
    ),
    (
        'GREAT_PERSON_INDIVIDUAL_TSOD_CE_BYRON_KIRK',
        'GREATPERSON_COMBAT_STRENGTH_AOE_ALL_ERA_SEA'
    ),
    (
        'GREAT_PERSON_INDIVIDUAL_TSOD_CE_LEITE_AVIKEN',
        'GREATPERSON_COMBAT_STRENGTH_AOE_RELIGIOUS'
    );

INSERT INTO
    UnitAbilityModifiers (UnitAbilityType, ModifierId)
VALUES
    (
        'SIEGE_UNIT_ATTACK_DAMAGE_BUFF_VS_UNITS',
        'SIEGE_UNIT_ATTACK_DAMAGE_BUFF'
    ),
    (
        'ABILITY_COMBAT_STRENGTH_AOE_RELIGIOUS',
        'COMBAT_STRENGTH_AOE_RELIGIOUS'
    );

INSERT
OR REPLACE INTO Modifiers (
    ModifierId,
    ModifierType,
    RunOnce,
    Permanent,
    NewOnly,
    OwnerRequirementSetId,
    SubjectRequirementSetId,
    SubjectStackLimit
)
VALUES
    (
        'GREATPERSON_DUMMY_TSOD_CE_REBECCA_CECIL',
        'MODIFIER_ALLIANCE_DO_NOTHING',
        0,
        0,
        0,
        NULL,
        NULL,
        NULL
    ),
    (
        'GREATPERSON_GRANT_TECHNOLOGY_MATHEMATICS',
        'MODIFIER_PLAYER_GRANT_SPECIFIC_TECHNOLOGY', -- Requires EP2
        1,
        1,
        0,
        NULL,
        NULL,
        NULL
    ),
    (
        'GREATPERSON_GRANT_BUILDING_TSOD_MANA_OBELISK',
        'MODIFIER_SINGLE_CITY_GRANT_BUILDING_IN_CITY_IGNORE',
        1,
        1,
        0,
        NULL,
        NULL,
        NULL
    ),
    (
        'GREATPERSON_SINGLE_CITY_ADD_4_SCIENCE',
        'MODIFIER_SINGLE_CITY_ADJUST_YIELD_CHANGE',
        0,
        1,
        0,
        NULL,
        NULL,
        NULL
    ),
    (
        'UNIVERSITY_BONUS_AMENITY_ATTACH',
        'MODIFIER_PLAYER_CITIES_ATTACH_MODIFIER',
        0,
        0,
        0,
        NULL,
        NULL,
        NULL
    ),
    (
        'UNIVERSITY_BONUS_AMENITY',
        'MODIFIER_PLAYER_CITIES_ADJUST_TRAIT_AMENITY',
        0,
        0,
        0,
        NULL,
        'CITY_HAS_UNIVERSITY_REQUIREMENTS',
        1
    ),
    (
        'GREATPERSON_ELECTRICITYTECHBOOST',
        'MODIFIER_PLAYER_GRANT_SPECIFIC_TECH_BOOST',
        1,
        1,
        0,
        NULL,
        NULL,
        NULL
    ),
    (
        'GREATPERSON_DUMMY_TSOD_CE_KAMEL_SLAYEN_INSPIRATION',
        'MODIFIER_ALLIANCE_DO_NOTHING',
        0,
        0,
        0,
        NULL,
        NULL,
        NULL
    ),
    (
        'GREATPERSON_SINGLE_CITY_20_GROWTH',
        'MODIFIER_SINGLE_CITY_ADJUST_CITY_GROWTH',
        1,
        1,
        0,
        NULL,
        NULL,
        NULL
    ),
    (
        'GREATPERSON_CITY_RICEWHEATYIELD',
        'MODIFIER_CITY_PLOT_YIELDS_ADJUST_PLOT_YIELD',
        0,
        0,
        0,
        NULL,
        'RESOURCE_IS_RICE_OR_YIELD',
        NULL
    ),
    (
        'GREATPERSON_DUMMY_TSOD_CE_HETTIE_CECIL_REFUND_COAL',
        'MODIFIER_ALLIANCE_DO_NOTHING',
        0,
        0,
        0,
        NULL,
        NULL,
        NULL
    ),
    (
        'GREATPERSON_AOE_TSOD_CE_HETTIE_CECIL_ATTACH',
        'MODIFIER_PLAYER_CITIES_ATTACH_MODIFIER',
        0,
        0,
        0,
        NULL,
        'CITY_HAS_UNIT_REQUIREMENTS',
        NULL
    ),
    (
        'GREATPERSON_CITY_REDUCE_UNIT_PURCHASE_COST',
        'MODIFIER_SINGLE_CITY_ADJUST_ALL_UNITS_PURCHASE_COST',
        0,
        0,
        0,
        NULL,
        NULL,
        NULL
    ),
    (
        'GREATPERSON_COMBAT_STRENGTH_AOE_ALL_ERA_LAND',
        'MODIFIER_PLAYER_UNITS_GRANT_ABILITY',
        0,
        0,
        0,
        NULL,
        'AOE_ALL_ERA_LAND_REQUIREMENTS',
        NULL
    ),
    (
        'GREATPERSON_COMBAT_STRENGTH_AOE_ALL_ERA_SEA',
        'MODIFIER_PLAYER_UNITS_GRANT_ABILITY',
        0,
        0,
        0,
        NULL,
        'AOE_ALL_ERA_SEA_REQUIREMENTS',
        NULL
    ),
    (
        'GREATPERSON_GRANT_INFLUENCE_TOKEN',
        'MODIFIER_PLAYER_GRANT_INFLUENCE_TOKEN',
        1,
        1,
        0,
        NULL,
        NULL,
        NULL
    ),
    (
        'GREATPERSON_SIEGE_UNIT_ATTACK_RANGE_ATTACH',
        'MODIFIER_PLAYER_UNITS_ATTACH_MODIFIER',
        0,
        0,
        0,
        NULL,
        'UNIT_IS_SIEGE_REQUIREMENTS',
        NULL
    ),
    (
        'GREATPERSON_SIEGE_UNIT_ATTACK_RANGE',
        'MODIFIER_UNIT_ADJUST_ATTACK_RANGE',
        0,
        0,
        0,
        NULL,
        NULL,
        NULL
    ),
    (
        'GREATPERSON_SIEGE_UNIT_ATTACK_DAMAGE_BUFF_ATTACH',
        'MODIFIER_ALL_PLAYERS_ATTACH_MODIFIER',
        0,
        0,
        0,
        NULL,
        'PLAYER_IS_TSOD_CECIL_EMPIRE_REQUIREMENTS',
        NULL
    ),
    (
        'GREATPERSON_SIEGE_UNIT_ATTACK_DAMAGE_BUFF',
        'MODIFIER_PLAYER_UNITS_GRANT_ABILITY',
        0,
        0,
        0,
        NULL,
        NULL,
        NULL
    ),
    (
        'SIEGE_UNIT_ATTACK_DAMAGE_BUFF',
        'MODIFIER_UNIT_ADJUST_COMBAT_STRENGTH',
        0,
        0,
        0,
        NULL,
        'OPPONENT_IS_LAND_OR_SEA_UNIT_REQUIREMENTS',
        NULL
    ),
    (
        'GREATPERSON_COMBAT_STRENGTH_AOE_RELIGIOUS',
        'MODIFIER_PLAYER_UNITS_GRANT_ABILITY',
        0,
        0,
        0,
        NULL,
        'AOE_RELIGIOUS_ADJACENCY',
        NULL
    ),
    (
        'COMBAT_STRENGTH_AOE_RELIGIOUS',
        'MODIFIER_UNIT_ADJUST_COMBAT_STRENGTH',
        0,
        0,
        0,
        NULL,
        NULL,
        NULL
    ),
    (
        'GREATPERSON_CITY_POPULATION_RELIGIOUS_YIELD_ATTACH',
        'MODIFIER_PLAYER_CITIES_ATTACH_MODIFIER',
        0,
        0,
        0,
        NULL,
        NULL,
        NULL
    ),
    (
        'GREATPERSON_CITY_POPULATION_RELIGIOUS_YIELD',
        'MODIFIER_SINGLE_CITY_ADJUST_CITY_YIELD_PER_POPULATION',
        0,
        0,
        0,
        NULL,
        'CITY_FOLLOWS_RELIGION_REQUIREMENTS',
        NULL
    );

INSERT INTO
    ModifierArguments (ModifierId, Name, Value)
VALUES
    (
        'GREATPERSON_GRANT_TECHNOLOGY_MATHEMATICS',
        'TechType',
        'TECH_MATHEMATICS'
    ),
    (
        'GREATPERSON_GRANT_BUILDING_TSOD_MANA_OBELISK',
        'BuildingType',
        'BUILDING_TSOD_MANA_OBELISK'
    ),
    (
        'GREATPERSON_SINGLE_CITY_ADD_4_SCIENCE',
        'Amount',
        '4'
    ),
    (
        'GREATPERSON_SINGLE_CITY_ADD_4_SCIENCE',
        'YieldType',
        'YIELD_SCIENCE'
    ),
    (
        'UNIVERSITY_BONUS_AMENITY_ATTACH',
        'ModifierId',
        'UNIVERSITY_BONUS_AMENITY'
    ),
    ('UNIVERSITY_BONUS_AMENITY', 'Amount', '1'),
    (
        'GREATPERSON_ELECTRICITYTECHBOOST',
        'TechType',
        'TECH_ELECTRICITY'
    ),
    (
        'GREATPERSON_SINGLE_CITY_20_GROWTH',
        'Amount',
        '20'
    ),
    ('GREATPERSON_CITY_RICEWHEATYIELD', 'Amount', '1'),
    (
        'GREATPERSON_CITY_RICEWHEATYIELD',
        'YieldType',
        'YIELD_FOOD'
    ),
    (
        'GREATPERSON_AOE_TSOD_CE_HETTIE_CECIL_ATTACH',
        'ModifierId',
        'GREATPERSON_CITY_REDUCE_UNIT_PURCHASE_COST'
    ),
    (
        'GREATPERSON_CITY_REDUCE_UNIT_PURCHASE_COST',
        'Amount',
        '20'
    ),
    (
        'GREATPERSON_CITY_REDUCE_UNIT_PURCHASE_COST',
        'IncludeCivilian',
        '1'
    ),
    (
        'GREATPERSON_COMBAT_STRENGTH_AOE_ALL_ERA_LAND',
        'AbilityType',
        'ABILITY_GREAT_GENERAL_STRENGTH'
    ),
    (
        'GREATPERSON_COMBAT_STRENGTH_AOE_ALL_ERA_SEA',
        'AbilityType',
        'ABILITY_GREAT_ADMIRAL_STRENGTH'
    ),
    (
        'GREATPERSON_GRANT_INFLUENCE_TOKEN',
        'Amount',
        '1'
    ),
    (
        'GREATPERSON_SIEGE_UNIT_ATTACK_RANGE_ATTACH',
        'ModifierId',
        'GREATPERSON_SIEGE_UNIT_ATTACK_RANGE'
    ),
    (
        'GREATPERSON_SIEGE_UNIT_ATTACK_RANGE',
        'Amount',
        '1'
    ),
    (
        'GREATPERSON_SIEGE_UNIT_ATTACK_DAMAGE_BUFF_ATTACH',
        'ModifierId',
        'GREATPERSON_SIEGE_UNIT_ATTACK_DAMAGE_BUFF'
    ),
    (
        'GREATPERSON_SIEGE_UNIT_ATTACK_DAMAGE_BUFF',
        'AbilityType',
        'SIEGE_UNIT_ATTACK_DAMAGE_BUFF_VS_UNITS'
    ),
    ('SIEGE_UNIT_ATTACK_DAMAGE_BUFF', 'Amount', '20'),
    (
        'GREATPERSON_COMBAT_STRENGTH_AOE_RELIGIOUS',
        'AbilityType',
        'ABILITY_COMBAT_STRENGTH_AOE_RELIGIOUS'
    ),
    ('COMBAT_STRENGTH_AOE_RELIGIOUS', 'Amount', '5'),
    (
        'GREATPERSON_CITY_POPULATION_RELIGIOUS_YIELD_ATTACH',
        'ModifierId',
        'GREATPERSON_CITY_POPULATION_RELIGIOUS_YIELD'
    ),
    (
        'GREATPERSON_CITY_POPULATION_RELIGIOUS_YIELD',
        'Amount',
        '0.5'
    ),
    (
        'GREATPERSON_CITY_POPULATION_RELIGIOUS_YIELD',
        'YieldType',
        'YIELD_FAITH'
    );

INSERT INTO
    RequirementSets (RequirementSetId, RequirementSetType)
VALUES
    (
        'CITY_HAS_UNIVERSITY_REQUIREMENTS',
        'REQUIREMENTSET_TEST_ALL'
    ),
    (
        'RESOURCE_IS_RICE_OR_YIELD',
        'REQUIREMENTSET_TEST_ANY'
    ),
    (
        'CITY_HAS_UNIT_REQUIREMENTS',
        'REQUIREMENTSET_TEST_ALL'
    ),
    (
        'AOE_ALL_ERA_LAND_REQUIREMENTS',
        'REQUIREMENTSET_TEST_ALL'
    ),
    (
        'AOE_ALL_ERA_SEA_REQUIREMENTS',
        'REQUIREMENTSET_TEST_ALL'
    ),
    (
        'UNIT_IS_SIEGE_REQUIREMENTS',
        'REQUIREMENTSET_TEST_ALL'
    ),
    (
        'OPPONENT_IS_LAND_OR_SEA_UNIT_REQUIREMENTS',
        'REQUIREMENTSET_TEST_ANY'
    ),
    (
        'AOE_RELIGIOUS_ADJACENCY',
        'REQUIREMENTSET_TEST_ALL'
    );

INSERT INTO
    RequirementSetRequirements (RequirementSetId, RequirementId)
VALUES
    (
        'CITY_HAS_UNIVERSITY_REQUIREMENTS',
        'CITY_HAS_UNIVERSITY_REQUIREMENT'
    ),
    (
        'RESOURCE_IS_RICE_OR_YIELD',
        'REQUIRES_RICE_IN_PLOT'
    ),
    (
        'RESOURCE_IS_RICE_OR_YIELD',
        'REQUIRES_WHEAT_IN_PLOT'
    ),
    (
        'CITY_HAS_UNIT_REQUIREMENTS',
        'CITY_HAS_UNIT_REQUIREMENT'
    ),
    (
        'AOE_ALL_ERA_LAND_REQUIREMENTS',
        'AOE_REQUIRES_LAND_DOMAIN'
    ),
    (
        'AOE_ALL_ERA_LAND_REQUIREMENTS',
        'AOE_REQUIRES_OWNER_ADJACENCY'
    ),
    (
        'AOE_ALL_ERA_SEA_REQUIREMENTS',
        'AOE_REQUIRES_SEA_DOMAIN'
    ),
    (
        'AOE_ALL_ERA_SEA_REQUIREMENTS',
        'AOE_REQUIRES_OWNER_ADJACENCY'
    ),
    (
        'UNIT_IS_SIEGE_REQUIREMENTS',
        'REQUIREMENT_UNIT_IS_SIEGE'
    ),
    (
        'OPPONENT_IS_LAND_OR_SEA_UNIT_REQUIREMENTS',
        'OPPONENT_IS_LAND_UNIT'
    ),
    (
        'OPPONENT_IS_LAND_OR_SEA_UNIT_REQUIREMENTS',
        'OPPONENT_IS_SEA_UNIT'
    ),
    (
        'AOE_RELIGIOUS_ADJACENCY',
        'AOE_REQUIRES_OWNER_ADJACENCY'
    );

INSERT INTO
    Requirements (RequirementId, RequirementType)
VALUES
    (
        'CITY_HAS_UNIVERSITY_REQUIREMENT',
        'REQUIREMENT_CITY_HAS_BUILDING'
    ),
    (
        'CITY_HAS_UNIT_REQUIREMENT',
        'REQUIREMENT_PLOT_ADJACENT_TO_OWNER'
    );

INSERT INTO
    RequirementArguments (RequirementId, Name, Value)
VALUES
    (
        'CITY_HAS_UNIVERSITY_REQUIREMENT',
        'BuildingType',
        'BUILDING_UNIVERSITY'
    ),
    ('CITY_HAS_UNIT_REQUIREMENT', 'MaxDistance', '1'),
    ('CITY_HAS_UNIT_REQUIREMENT', 'MinDistance', '0');

INSERT INTO
    ModifierStrings (ModifierId, Context, Text)
VALUES
    (
        'GREATPERSON_DUMMY_TSOD_CE_REBECCA_CECIL',
        'Summary',
        'LOC_GREATPERSON_DUMMY_TSOD_CE_REBECCA_CECIL_DUMMY_DESCRIPTION'
    ),
    (
        'GREATPERSON_GRANT_TECHNOLOGY_MATHEMATICS',
        'Summary',
        'LOC_GREATPERSON_GRANT_TECHNOLOGY_MATHEMATICS_DESCRIPTION'
    ),
    (
        'GREATPERSON_GRANT_BUILDING_TSOD_MANA_OBELISK',
        'Summary',
        'LOC_GREATPERSON_GRANT_BUILDING_TSOD_MANA_OBELISK_DESCRIPTION'
    ),
    (
        'GREATPERSON_SINGLE_CITY_ADD_4_SCIENCE',
        'Summary',
        'LOC_GREATPERSON_SINGLE_CITY_ADD_4_SCIENCE_DESCRIPTION'
    ),
    (
        'UNIVERSITY_BONUS_AMENITY_ATTACH',
        'Summary',
        'LOC_UNIVERSITY_BONUS_AMENITY_ATTACH_DESCRIPTION'
    ),
    (
        'GREATPERSON_ELECTRICITYTECHBOOST',
        'Summary',
        'LOC_GREATPERSON_ELECTRICITYTECHBOOST_DESCRIPTION'
    ),
    (
        'GREATPERSON_DUMMY_TSOD_CE_KAMEL_SLAYEN_INSPIRATION',
        'Summary',
        'LOC_GREATPERSON_DUMMY_TSOD_CE_KAMEL_SLAYEN_INSPIRATION_DESCRIPTION'
    ),
    (
        'GREATPERSON_SINGLE_CITY_20_GROWTH',
        'Summary',
        'LOC_GREATPERSON_SINGLE_CITY_20_GROWTH_DESCRIPTION'
    ),
    (
        'GREATPERSON_CITY_RICEWHEATYIELD',
        'Summary',
        'LOC_GREATPERSON_CITY_RICEWHEATYIELD_DESCRIPTION'
    ),
    (
        'GREATPERSON_DUMMY_TSOD_CE_HETTIE_CECIL_REFUND_COAL',
        'Summary',
        'LOC_GREATPERSON_DUMMY_TSOD_CE_HETTIE_CECIL_REFUND_COAL_DESCRIPTION'
    ),
    (
        'GREATPERSON_AOE_TSOD_CE_HETTIE_CECIL_ATTACH',
        'Summary',
        'LOC_GREATPERSON_AOE_TSOD_CE_HETTIE_CECIL_ATTACH_DESCRIPTION'
    ),
    (
        'GREATPERSON_COMBAT_STRENGTH_AOE_ALL_ERA_LAND',
        'Summary',
        'LOC_GREATPERSON_COMBAT_STRENGTH_AOE_ALL_ERA_LAND_DESCRIPTION'
    ),
    (
        'GREATPERSON_COMBAT_STRENGTH_AOE_ALL_ERA_SEA',
        'Summary',
        'LOC_GREATPERSON_COMBAT_STRENGTH_AOE_ALL_ERA_SEA_DESCRIPTION'
    ),
    (
        'GREATPERSON_GRANT_INFLUENCE_TOKEN',
        'Summary',
        'LOC_GREATPERSON_GRANT_INFLUENCE_TOKEN_DESCRIPTION'
    ),
    (
        'GREATPERSON_SIEGE_UNIT_ATTACK_RANGE_ATTACH',
        'Summary',
        'LOC_GREATPERSON_SIEGE_UNIT_ATTACK_RANGE_ATTACH_DESCRIPTION'
    ),
    (
        'GREATPERSON_SIEGE_UNIT_ATTACK_DAMAGE_BUFF_ATTACH',
        'Summary',
        'LOC_GREATPERSON_SIEGE_UNIT_ATTACK_DAMAGE_BUFF_ATTACH_DESCRIPTION'
    ),
    (
        'SIEGE_UNIT_ATTACK_DAMAGE_BUFF',
        'Summary',
        'LOC_SIEGE_UNIT_ATTACK_DAMAGE_BUFF_VS_UNITS_DESCRIPTION'
    ),
    (
        'COMBAT_STRENGTH_AOE_RELIGIOUS',
        'Summary',
        'LOC_COMBAT_STRENGTH_AOE_RELIGIOUS_DESCRIPTION'
    ),
    (
        'GREATPERSON_CITY_POPULATION_RELIGIOUS_YIELD_ATTACH',
        'Summary',
        'LOC_GREATPERSON_CITY_POPULATION_RELIGIOUS_YIELD_ATTACH_DESCRIPTION'
    );